{"cameraMode":{"drawMode":0,"name":"Shaded","section":"Shading Mode"},"sceneLighting":true,"audioPlay":false,"sceneViewState":{"m_AlwaysRefresh":false,"showFog":true,"showSkybox":true,"showFlares":true,"showImageEffects":true,"showParticleSystems":true,"showVisualEffectGraphs":true,"m_FxEnabled":true},"in2DMode":false,"pivot":{"x":-3.1022706031799318,"y":0.125454843044281,"z":-4.987570762634277},"rotation":{"x":-0.014443915337324143,"y":0.9797960519790649,"z":-0.07688473910093308,"w":-0.18406811356544496},"size":1.629109501838684,"orthographic":false}